﻿{
  "$schema": "http://json.schemastore.org/template",
  "author": "Nice3point",
  "name": "Revit AddIn",
  "shortName": "revit-addin",
  "identity": "Nice3point.Revit.AddIn",
  "defaultName": "RevitAddIn",
  "sourceName": "Nice3point.Revit.AddIn",
  "description": "Template for creating single-project Revit add-in",
  "classifications": [
    "Revit",
    "AddIn",
    "Library"
  ],
  "tags": {
    "type": "project",
    "language": "C#",
    "platform": ".NET"
  },
  "preferNameDirectory": true,
  "placeholderFilename": "keep.folder",
  "guids": [
    "AAAAAAAA-AAAA-AAAA-AAAA-AAAAAAAAAAAA"
  ],
  "symbols": {
    "addin": {
      "type": "parameter",
      "displayName": "Add-In type",
      "datatype": "choice",
      "description": "The type of add-in to be registered in the .addin manifest",
      "choices": [
        {
          "choice": "app",
          "displayName": "Application",
          "description": "Registers the add-in in the manifest with the Application type"
        },
        {
          "choice": "command",
          "displayName": "Command",
          "description": "Registers the add-in in the manifest with the Command type"
        }
      ],
      "defaultValue": "app"
    },
    "window": {
      "type": "parameter",
      "displayName": "User interface",
      "datatype": "choice",
      "description": "The type of window to be used by the add-in",
      "choices": [
        {
          "choice": "none",
          "displayName": "None",
          "description": "The add-in will not use windows"
        },
        {
          "choice": "modal",
          "displayName": "Modal",
          "description": "A modal window that blocks Revit until the user closes the window"
        },
        {
          "choice": "modeless",
          "displayName": "Modeless",
          "description": "A modeless window does not block any other window while it is visible"
        }
      ],
      "defaultValue": "modal"
    },
    "ioc": {
      "type": "parameter",
      "displayName": "IoC",
      "datatype": "choice",
      "description": "Supports the dependency injection (DI) software design pattern which is a technique for achieving Inversion of Control (IoC) between classes and their dependencies",
      "choices": [
        {
          "choice": "disabled",
          "displayName": "Disabled",
          "description": "The add-in will not use IoC"
        },
        {
          "choice": "container",
          "displayName": "Service container",
          "description": "Use Microsoft.Extensions.DependencyInjection implementation"
        },
        {
          "choice": "host",
          "displayName": "Hosting",
          "description": "Use Microsoft.Extensions.Hosting implementation"
        }
      ],
      "defaultValue": "disabled"
    },
    "log": {
      "type": "parameter",
      "displayName": "Serilog support",
      "dataType": "bool",
      "description": "Logging support for the add-in",
      "defaultValue": "false"
    },
    "Command": {
      "type": "computed",
      "value": "addin == \"command\""
    },
    "Application": {
      "type": "computed",
      "value": "addin == \"app\""
    },
    "NoWindow": {
      "type": "computed",
      "value": "window == \"none\""
    },
    "Modal": {
      "type": "computed",
      "value": "window == \"modal\""
    },
    "Modeless": {
      "type": "computed",
      "value": "window == \"modeless\""
    },
    "Container": {
      "type": "computed",
      "value": "ioc == \"container\""
    },
    "Hosting": {
      "type": "computed",
      "value": "ioc == \"host\""
    },
    "UseIoc": {
      "type": "computed",
      "value": "ioc != \"disabled\""
    }
  },
  "sources": [
    {
      "modifiers": [
        {
          "condition": "Command",
          "exclude": [
            "Application.cs",
            "Resources/Icons/RibbonIcon16.png",
            "Resources/Icons/RibbonIcon32.png"
          ]
        },
        {
          "condition": "NoWindow",
          "exclude": [
            "Models/**",
            "Views/**",
            "ViewModels/**"
          ]
        },
        {
          "condition": "!Modeless",
          "exclude": [
            "Utils/WindowController.cs"
          ]
        },
        {
          "condition": "!UseIoc",
          "exclude": [
            "Host.cs"
          ]
        },
        {
          "condition": "!log || !UseIoc",
          "exclude": [
            "Config/LoggerConfigurator.cs"
          ]
        }
      ]
    }
  ],
  "primaryOutputs": [
    {
      "condition": "Application",
      "path": "Application.cs"
    },
    {
      "condition": "Command",
      "path": "Commands/StartupCommand.cs"
    }
  ],
  "postActions": [
    {
      "condition": "Application",
      "description": "Opens Application.cs in the editor",
      "manualInstructions": [],
      "actionId": "84C0DA21-51C8-4541-9940-6CA19AF04EE6",
      "args": {
        "files": "0"
      },
      "continueOnError": true
    },
    {
      "condition": "Command",
      "description": "Opens Command.cs in the editor",
      "manualInstructions": [],
      "actionId": "84C0DA21-51C8-4541-9940-6CA19AF04EE6",
      "args": {
        "files": "0"
      },
      "continueOnError": true
    }
  ],
  "SpecialCustomOperations": {
    "**/*.addin": {
      "operations": [
        {
          "type": "conditional",
          "configuration": {
            "actionableIf": [
              "#if"
            ],
            "actionableElse": [
              "#else"
            ],
            "actionableElseif": [
              "#elseif"
            ],
            "endif": [
              "#endif"
            ],
            "trim": "true",
            "wholeLine": "true"
          }
        }
      ]
    }
  }
}