<component name="ProjectRunConfigurationManager">
    <configuration default="false"
                   name="Nuke Plan"
                   type="RunExe"
                   factoryName=".NET Executable">
        <option name="EXE_PATH"
                value="$USER_HOME$/.dotnet/tools/nuke.exe"/>
        <option name="PROGRAM_PARAMETERS"
                value="--plan"/>
        <option name="WORKING_DIRECTORY"
                value="$PROJECT_DIR$/"/>
        <option name="PASS_PARENT_ENVS"
                value="1"/>
        <option name="USE_EXTERNAL_CONSOLE"
                value="0"/>
        <option name="USE_MONO"
                value="0"/>
        <option name="RUNTIME_ARGUMENTS"
                value=""/>
        <method v="2"/>
    </configuration>
</component>