{
  "$schema": "http://json.schemastore.org/template",
  "author": "Nice3point",
  "name": "Revit AddIn Solution",
  "shortName": "revit-addin-sln",
  "identity": "Nice3point.Revit.AddIn.Solution",
  "defaultName": "RevitAddIn",
  "sourceName": "Nice3point.Revit.AddIn",
  "description": "Template for creating a solution structure for Revit add-ins",
  "classifications": [
    "Revit",
    "AddIn",
    "Solution"
  ],
  "tags": {
    "type": "solution",
    "language": "C#",
    "platform": ".NET"
  },
  "placeholderFilename": "keep.folder",
  "guids": [
    "AAAAAAAA-AAAA-AAAA-AAAA-AAAAAAAAAAAA",
    "BBBBBBBB-BBBB-BBBB-BBBB-BBBBBBBBBBBB",
    "CCCCCCCC-CCCC-CCCC-CCCC-CCCCCCCCCCCC",
    "DDDDDDDD-DDDD-DDDD-DDDD-DDDDDDDDDDDD",
    "EEEEEEEE-EEEE-EEEE-EEEE-EEEEEEEEEEEE"
  ],
  "symbols": {
    "pipeline": {
      "type": "parameter",
      "displayName": "Pipeline",
      "description": "Adds support for CI/CD pipeline to your project",
      "datatype": "choice",
      "choices": [
        {
          "choice": "None",
          "displayName": "None",
          "description": "Pipeline not used"
        },
        {
          "choice": "Azure",
          "displayName": "Azure DevOps",
          "description": "Azure DevOps pipeline"
        },
        {
          "choice": "GitHub",
          "displayName": "GitHub Actions",
          "description": "GitHub Actions pipeline"
        }
      ],
      "defaultValue": "GitHub"
    },
    "installer": {
      "type": "parameter",
      "displayName": "Installer support",
      "dataType": "bool",
      "description": "Creates a project installer",
      "defaultValue": "true"
    },
    "bundle": {
      "type": "parameter",
      "displayName": "Bundle support",
      "dataType": "bool",
      "description": "Packs project files into a bundle. Used for uploading to Autodesk Store",
      "defaultValue": "false"
    },
    "NoPipeline": {
      "type": "computed",
      "value": "pipeline == \"None\""
    },
    "AzurePipeline": {
      "type": "computed",
      "value": "pipeline == \"Azure\""
    },
    "GitHubPipeline": {
      "type": "computed",
      "value": "pipeline == \"GitHub\""
    }
  },
  "sources": [
    {
      "modifiers": [
        {
          "condition": "!GitHubPipeline",
          "exclude": [
            "Changelog.md"
          ]
        },
        {
          "condition": "!AzurePipeline",
          "exclude": [
            "azure-pipelines.yml"
          ]
        },
        {
          "condition": "!GitHubPipeline",
          "exclude": [
            ".github/**",
            "build/Build.CI.GitHub.cs"
          ]
        },
        {
          "condition": "!installer",
          "exclude": [
            "install/**",
            "build/Build.Installer.cs"
          ]
        },
        {
          "condition": "!bundle",
          "exclude": [
            "build/Build.Bundle.cs"
          ]
        },
        {
          "condition": "!bundle && !installer",
          "exclude": [
            "build/Build.Regex.cs"
          ]
        }
      ]
    }
  ],
  "SpecialCustomOperations": {
    "Readme.md": {
      "operations": [
        {
          "type": "conditional",
          "configuration": {
            "if": [
              "---#if"
            ],
            "else": [
              "---#else"
            ],
            "elseif": [
              "---#elseif"
            ],
            "endif": [
              "---#endif"
            ],
            "trim": "true",
            "wholeLine": "true"
          }
        }
      ]
    }
  }
}
